log_ratio,se,ratio,percent_change,ci_low_percent,ci_high_percent,p,Window,Treatment
-0.17648971580372247,0.038244628762891544,0.8382073994002749,-16.17926005997251,-23.026121275311027,-8.723367452701947,0.0009582342457938944,July,DCD
-0.2395020511024279,0.03878194125953242,0.7870196590823704,-21.298034091762965,-27.813244675642345,-14.194793629527613,0.00010474395127925952,July,Biochar
-0.12553447284424693,0.02946149420986695,0.88202535798015,-11.797464201984997,-17.401508862692573,-5.813202952247987,0.0016604953959422743,October,DCD
-0.18210316894022135,0.02304378055455118,0.8335153430850806,-16.648465691491943,-20.82011618709133,-12.257028717062223,1.3108130311982222e-05,October,Biochar
