log_ratio,se,ratio,percent_change,ci_low_percent,ci_high_percent,p,Window,Treatment
-0.17648971580372247,0.04510968823597221,0.8382073994002749,-16.17926005997251,-23.537911555642044,-8.112417708724607,0.00044760993627144716,July,DCD
-0.2395020511024279,0.026071473853186474,0.7870196590823704,-21.298034091762965,-25.36852907763475,-17.00552915184318,1.7332207667728668e-10,July,Biochar
-0.12553447284424693,0.04367388116735845,0.88202535798015,-11.797464201984997,-19.305136143005765,-3.5912950421836176,0.007138682563783323,October,DCD
-0.18210316894022135,0.01904777762903946,0.8335153430850806,-16.648465691491943,-19.820492587355286,-13.350948443383148,6.731980887673249e-11,October,Biochar
