log_ratio,se,ratio,percent_change,ci_low_percent,ci_high_percent,p,Comparison,Treatment
0.05095524295947554,0.037033654497072944,1.0522757954788116,5.227579547881156,-3.1068035331242694,14.27885446313104,0.19887765879262181,October minus July,DCD
0.05739888216220654,0.028021747065150572,1.0590781735451462,5.907817354514622,-0.5024794444958292,12.731108415311553,0.06769283210150263,October minus July,Biochar
